session_id,y_true,y_prob
SID_01739,0,0.21805803013550346
SID_04984,1,0.2239891078485564
SID_07854,0,0.2239891078485564
SID_03386,0,0.21805803013550346
SID_01608,0,0.2239891078485564
SID_06471,0,0.21805803013550346
SID_05794,1,0.9257138128271498
SID_03923,0,0.2239891078485564
SID_00328,0,0.21805803013550346
SID_00919,1,0.9257138128271498
SID_04228,0,0.21805803013550346
SID_02147,1,0.9257138128271498
SID_02386,1,0.21805803013550346
SID_06258,1,0.917820561927591
SID_03360,0,0.21805803013550346
SID_02332,0,0.21805803013550346
SID_00547,0,0.2239891078485564
SID_07796,1,0.9257138128271498
SID_00200,1,0.9257138128271498
SID_07737,0,0.21805803013550346
SID_01401,1,0.917820561927591
SID_06906,1,0.9257138128271498
SID_03028,1,0.9257138128271498
SID_03119,1,0.9257138128271498
SID_02153,1,0.2239891078485564
SID_03924,1,0.2239891078485564
SID_04174,0,0.21805803013550346
SID_01292,0,0.21805803013550346
SID_02944,0,0.21805803013550346
SID_06219,1,0.9257138128271498
SID_08165,0,0.2239891078485564
SID_07760,0,0.2239891078485564
SID_07732,1,0.21805803013550346
SID_05272,1,0.9257138128271498
SID_02295,1,0.2239891078485564
SID_01044,0,0.21805803013550346
SID_08457,1,0.9257138128271498
SID_04025,1,0.2239891078485564
SID_00171,1,0.917820561927591
SID_04386,1,0.9257138128271498
SID_01753,0,0.21805803013550346
SID_06256,1,0.9257138128271498
SID_08644,0,0.2239891078485564
SID_02502,1,0.9257138128271498
SID_06945,1,0.9257138128271498
SID_00154,1,0.9257138128271498
SID_03270,0,0.2239891078485564
SID_02209,0,0.21805803013550346
SID_01737,0,0.2239891078485564
SID_05800,1,0.9257138128271498
SID_06181,0,0.2239891078485564
SID_01012,1,0.9257138128271498
SID_04212,0,0.21805803013550346
SID_02567,0,0.2239891078485564
SID_07942,0,0.2239891078485564
SID_03964,1,0.9257138128271498
SID_02915,0,0.21805803013550346
SID_01638,1,0.2239891078485564
SID_05207,0,0.21805803013550346
SID_03537,1,0.2239891078485564
SID_01771,0,0.21805803013550346
SID_04893,0,0.2239891078485564
SID_06385,0,0.2239891078485564
SID_01706,1,0.9257138128271498
SID_07178,0,0.21805803013550346
SID_08446,0,0.2239891078485564
SID_05163,1,0.917820561927591
SID_03879,0,0.2239891078485564
SID_06562,0,0.2239891078485564
SID_01963,1,0.9257138128271498
SID_08348,0,0.21805803013550346
SID_06493,0,0.2239891078485564
SID_03674,1,0.21805803013550346
SID_01795,1,0.21805803013550346
SID_03089,0,0.2239891078485564
SID_06182,0,0.21805803013550346
SID_08428,0,0.21805803013550346
SID_07599,1,0.9257138128271498
SID_05165,0,0.21805803013550346
SID_03006,0,0.2239891078485564
SID_06263,1,0.9257138128271498
SID_01383,1,0.9257138128271498
SID_02948,0,0.2239891078485564
SID_01345,0,0.21805803013550346
SID_06817,1,0.2239891078485564
SID_01248,0,0.21805803013550346
SID_05869,1,0.21805803013550346
SID_07032,1,0.9257138128271498
SID_04606,1,0.2239891078485564
SID_01086,0,0.21805803013550346
SID_08265,0,0.21805803013550346
SID_07456,0,0.2239891078485564
SID_04380,0,0.2239891078485564
SID_01618,0,0.21805803013550346
SID_00262,0,0.2239891078485564
SID_05918,0,0.2239891078485564
SID_00538,1,0.9257138128271498
SID_06861,0,0.21805803013550346
SID_03524,1,0.2239891078485564
SID_01936,0,0.2239891078485564
SID_03368,0,0.21805803013550346
SID_02523,1,0.9257138128271498
SID_02108,0,0.21805803013550346
SID_02868,0,0.21805803013550346
SID_02748,1,0.9257138128271498
SID_06944,0,0.2239891078485564
SID_01089,0,0.21805803013550346
SID_06751,0,0.2239891078485564
SID_06368,0,0.2239891078485564
SID_06640,0,0.21805803013550346
SID_06016,0,0.21805803013550346
SID_02882,0,0.2239891078485564
SID_06636,0,0.2239891078485564
SID_05828,1,0.9257138128271498
SID_01083,1,0.21805803013550346
SID_03952,0,0.2239891078485564
SID_01066,0,0.2239891078485564
SID_08605,0,0.2239891078485564
SID_00375,0,0.2239891078485564
SID_02946,0,0.2239891078485564
SID_05535,0,0.21805803013550346
SID_01486,1,0.9257138128271498
SID_01855,0,0.2239891078485564
SID_05966,0,0.2239891078485564
SID_04897,1,0.21805803013550346
SID_01910,0,0.21805803013550346
SID_07986,0,0.21805803013550346
SID_03761,0,0.21805803013550346
SID_06338,0,0.21805803013550346
SID_02229,1,0.2239891078485564
SID_01819,1,0.9257138128271498
SID_03783,1,0.2239891078485564
SID_08352,0,0.21805803013550346
SID_03707,0,0.2239891078485564
SID_05321,1,0.9257138128271498
SID_05493,0,0.21805803013550346
SID_08058,0,0.2239891078485564
SID_06530,1,0.9257138128271498
SID_05978,1,0.2239891078485564
SID_00072,1,0.2239891078485564
SID_02519,0,0.21805803013550346
SID_08233,0,0.2239891078485564
SID_05834,0,0.21805803013550346
SID_06058,1,0.2239891078485564
SID_01574,1,0.9257138128271498
SID_02417,1,0.9257138128271498
SID_02578,0,0.21805803013550346
SID_07897,0,0.2239891078485564
SID_07915,1,0.9257138128271498
SID_05638,0,0.2239891078485564
SID_04652,1,0.9257138128271498
SID_03737,0,0.21805803013550346
SID_07417,0,0.2239891078485564
SID_04553,0,0.2239891078485564
SID_03385,0,0.2239891078485564
SID_06405,0,0.2239891078485564
SID_01707,0,0.21805803013550346
SID_04383,0,0.21805803013550346
SID_00622,0,0.2239891078485564
SID_00692,1,0.9257138128271498
SID_07278,1,0.9257138128271498
SID_01010,0,0.2239891078485564
SID_02268,0,0.2239891078485564
SID_03927,1,0.9257138128271498
SID_06616,0,0.2239891078485564
SID_07369,0,0.2239891078485564
SID_06293,0,0.21805803013550346
SID_07198,0,0.21805803013550346
SID_07765,0,0.2239891078485564
SID_06452,0,0.21805803013550346
SID_06834,1,0.9257138128271498
SID_07916,0,0.2239891078485564
SID_01238,0,0.2239891078485564
SID_06384,0,0.2239891078485564
SID_02228,1,0.9257138128271498
SID_02294,1,0.2239891078485564
SID_05573,1,0.2239891078485564
SID_03622,1,0.9257138128271498
SID_02955,1,0.9257138128271498
SID_02965,0,0.2239891078485564
SID_00582,1,0.9257138128271498
SID_05072,1,0.9257138128271498
SID_05551,0,0.21805803013550346
SID_02164,0,0.2239891078485564
SID_08439,0,0.21805803013550346
SID_00511,0,0.21805803013550346
SID_01589,0,0.21805803013550346
SID_05646,0,0.2239891078485564
SID_06522,1,0.2239891078485564
SID_06178,0,0.21805803013550346
SID_06478,0,0.2239891078485564
SID_04091,1,0.2239891078485564
SID_01761,1,0.9257138128271498
SID_05151,1,0.9257138128271498
SID_03350,1,0.9257138128271498
SID_04225,0,0.2239891078485564
SID_03753,1,0.9257138128271498
SID_06363,0,0.2239891078485564
SID_00212,0,0.2239891078485564
SID_04246,1,0.9257138128271498
SID_04820,0,0.21805803013550346
SID_07998,1,0.2239891078485564
SID_04193,1,0.2239891078485564
SID_02264,1,0.9257138128271498
SID_06295,1,0.9257138128271498
SID_06980,0,0.2239891078485564
SID_00491,1,0.2239891078485564
SID_01900,0,0.2239891078485564
SID_05980,1,0.9257138128271498
SID_00160,1,0.2239891078485564
SID_01009,0,0.21805803013550346
SID_03574,1,0.9257138128271498
SID_08527,0,0.21805803013550346
SID_08554,0,0.21805803013550346
SID_07968,1,0.9257138128271498
SID_00256,1,0.917820561927591
SID_07951,0,0.2239891078485564
SID_07353,1,0.9257138128271498
SID_06808,1,0.21805803013550346
SID_01624,0,0.21805803013550346
SID_06108,0,0.21805803013550346
SID_01854,1,0.21805803013550346
SID_06444,0,0.21805803013550346
SID_08610,0,0.2239891078485564
SID_04980,0,0.21805803013550346
SID_05992,0,0.21805803013550346
SID_04933,1,0.9257138128271498
SID_04396,0,0.21805803013550346
SID_06063,0,0.2239891078485564
SID_00800,0,0.2239891078485564
SID_00489,1,0.9257138128271498
SID_00530,0,0.21805803013550346
SID_05265,0,0.21805803013550346
SID_04776,0,0.21805803013550346
SID_07059,0,0.21805803013550346
SID_00741,0,0.2239891078485564
SID_07880,0,0.21805803013550346
SID_04683,0,0.21805803013550346
SID_03655,0,0.2239891078485564
SID_01791,0,0.21805803013550346
SID_03676,0,0.21805803013550346
SID_06076,0,0.21805803013550346
SID_06386,1,0.2239891078485564
SID_03513,0,0.2239891078485564
SID_00807,1,0.9257138128271498
SID_08602,0,0.2239891078485564
SID_05358,1,0.9257138128271498
SID_06026,0,0.21805803013550346
SID_08070,0,0.2239891078485564
SID_07234,0,0.2239891078485564
SID_00336,1,0.9257138128271498
SID_01890,0,0.2239891078485564
SID_05894,1,0.9257138128271498
SID_02365,0,0.2239891078485564
SID_02302,0,0.2239891078485564
SID_01955,0,0.21805803013550346
SID_05670,0,0.21805803013550346
SID_01632,0,0.21805803013550346
SID_07148,0,0.21805803013550346
SID_02655,0,0.2239891078485564
SID_01240,0,0.2239891078485564
SID_06214,1,0.2239891078485564
SID_04628,0,0.21805803013550346
SID_03311,1,0.2239891078485564
SID_00585,1,0.2239891078485564
SID_00579,0,0.2239891078485564
SID_04464,1,0.2239891078485564
SID_00954,1,0.9257138128271498
SID_03771,1,0.21805803013550346
SID_06267,0,0.21805803013550346
SID_05827,1,0.9257138128271498
SID_02637,0,0.2239891078485564
SID_02945,1,0.9257138128271498
SID_04209,0,0.2239891078485564
SID_07292,1,0.917820561927591
SID_04923,1,0.9257138128271498
SID_02769,0,0.21805803013550346
SID_06022,0,0.21805803013550346
SID_02269,0,0.21805803013550346
SID_04618,1,0.9257138128271498
SID_02993,0,0.21805803013550346
SID_04461,0,0.21805803013550346
SID_06087,0,0.21805803013550346
SID_06566,0,0.21805803013550346
SID_06180,1,0.21805803013550346
SID_02712,0,0.2239891078485564
SID_00493,0,0.21805803013550346
SID_05047,0,0.2239891078485564
SID_02871,1,0.9257138128271498
SID_01175,0,0.2239891078485564
SID_07859,1,0.9257138128271498
SID_04133,1,0.9257138128271498
SID_04372,0,0.2239891078485564
SID_03512,0,0.21805803013550346
SID_01190,0,0.2239891078485564
SID_07996,0,0.2239891078485564
SID_08399,1,0.9257138128271498
SID_04155,1,0.9257138128271498
SID_03972,0,0.2239891078485564
SID_03808,0,0.21805803013550346
SID_06195,0,0.21805803013550346
SID_02140,0,0.2239891078485564
SID_04907,0,0.21805803013550346
SID_04743,1,0.9257138128271498
SID_00175,0,0.2239891078485564
SID_06720,0,0.2239891078485564
SID_03373,0,0.2239891078485564
SID_02505,1,0.2239891078485564
SID_07329,1,0.9257138128271498
SID_00155,1,0.2239891078485564
SID_06787,0,0.2239891078485564
SID_07510,1,0.2239891078485564
SID_02671,0,0.2239891078485564
SID_02121,0,0.2239891078485564
SID_07226,1,0.9257138128271498
SID_08022,0,0.2239891078485564
SID_05651,1,0.2239891078485564
SID_05469,0,0.21805803013550346
SID_01763,0,0.2239891078485564
SID_07350,1,0.2239891078485564
SID_04902,1,0.2239891078485564
SID_08271,1,0.2239891078485564
SID_06884,0,0.21805803013550346
SID_01256,0,0.21805803013550346
SID_05203,1,0.9257138128271498
SID_00059,1,0.9257138128271498
SID_05788,1,0.9257138128271498
SID_08116,0,0.2239891078485564
SID_08635,0,0.2239891078485564
SID_03499,1,0.9257138128271498
SID_05170,1,0.9257138128271498
SID_01080,0,0.21805803013550346
SID_02238,0,0.2239891078485564
SID_05608,0,0.2239891078485564
SID_01932,0,0.21805803013550346
SID_07356,0,0.21805803013550346
SID_07623,1,0.9257138128271498
SID_04365,0,0.21805803013550346
SID_06328,0,0.2239891078485564
SID_05920,1,0.9257138128271498
SID_04292,1,0.9257138128271498
SID_06498,1,0.21805803013550346
SID_00356,0,0.2239891078485564
SID_06947,0,0.2239891078485564
SID_02239,0,0.21805803013550346
SID_04847,0,0.21805803013550346
SID_03669,0,0.2239891078485564
SID_03870,0,0.2239891078485564
SID_00814,0,0.2239891078485564
SID_06034,1,0.9257138128271498
SID_05866,1,0.2239891078485564
SID_00847,1,0.2239891078485564
SID_03723,0,0.2239891078485564
SID_04856,0,0.21805803013550346
SID_02490,1,0.9257138128271498
SID_00889,1,0.917820561927591
SID_01850,0,0.21805803013550346
SID_07227,0,0.2239891078485564
SID_07734,0,0.2239891078485564
SID_06959,1,0.917820561927591
SID_05726,0,0.21805803013550346
SID_01490,1,0.9257138128271498
SID_08296,0,0.2239891078485564
SID_01780,1,0.2239891078485564
SID_04046,0,0.21805803013550346
SID_04744,0,0.2239891078485564
SID_03570,1,0.9257138128271498
SID_04143,0,0.21805803013550346
SID_02012,0,0.2239891078485564
SID_00054,0,0.21805803013550346
SID_07355,0,0.21805803013550346
SID_02934,1,0.9257138128271498
SID_04342,1,0.9257138128271498
SID_00429,0,0.21805803013550346
SID_01379,0,0.21805803013550346
SID_06721,1,0.9257138128271498
SID_05327,0,0.21805803013550346
SID_02711,1,0.9257138128271498
SID_06800,0,0.2239891078485564
SID_06701,1,0.9257138128271498
SID_06375,1,0.9257138128271498
SID_02040,1,0.9257138128271498
SID_06502,1,0.9257138128271498
SID_02506,1,0.9257138128271498
SID_05297,0,0.2239891078485564
SID_04475,0,0.2239891078485564
SID_00917,0,0.2239891078485564
SID_08743,0,0.2239891078485564
SID_03403,0,0.21805803013550346
SID_01847,0,0.2239891078485564
SID_03098,1,0.9257138128271498
SID_02054,1,0.21805803013550346
SID_07111,0,0.2239891078485564
SID_03834,1,0.9257138128271498
SID_02154,0,0.21805803013550346
SID_05763,1,0.2239891078485564
SID_01020,0,0.2239891078485564
SID_01838,0,0.21805803013550346
SID_03917,0,0.21805803013550346
SID_07088,0,0.21805803013550346
SID_03020,0,0.2239891078485564
SID_07912,1,0.9257138128271498
SID_00980,1,0.9257138128271498
SID_08672,1,0.917820561927591
SID_00292,1,0.2239891078485564
SID_02991,1,0.9257138128271498
SID_03083,0,0.21805803013550346
SID_03113,0,0.21805803013550346
SID_02906,0,0.2239891078485564
SID_08088,1,0.2239891078485564
SID_05916,0,0.2239891078485564
SID_02634,0,0.21805803013550346
SID_08524,0,0.2239891078485564
SID_04125,1,0.9257138128271498
SID_00602,0,0.21805803013550346
SID_02804,1,0.9257138128271498
SID_04184,1,0.21805803013550346
SID_02305,0,0.21805803013550346
SID_06588,0,0.2239891078485564
SID_06610,1,0.2239891078485564
SID_05947,0,0.2239891078485564
SID_07994,1,0.9257138128271498
SID_02543,1,0.917820561927591
SID_05262,0,0.21805803013550346
SID_07262,0,0.21805803013550346
SID_05632,0,0.2239891078485564
SID_04311,0,0.2239891078485564
SID_03103,0,0.2239891078485564
SID_03855,1,0.9257138128271498
SID_00972,1,0.9257138128271498
SID_06930,0,0.21805803013550346
SID_07724,0,0.21805803013550346
SID_06518,1,0.9257138128271498
SID_05102,0,0.2239891078485564
SID_03564,1,0.9257138128271498
SID_08213,0,0.21805803013550346
SID_04100,1,0.9257138128271498
SID_04857,0,0.21805803013550346
SID_05035,0,0.21805803013550346
SID_00347,1,0.9257138128271498
SID_08160,1,0.9257138128271498
SID_04400,0,0.2239891078485564
SID_01674,1,0.9257138128271498
SID_07324,1,0.21805803013550346
SID_08558,1,0.9257138128271498
SID_08148,1,0.9257138128271498
SID_08377,1,0.2239891078485564
SID_00782,0,0.2239891078485564
SID_08496,0,0.2239891078485564
SID_00131,1,0.9257138128271498
SID_07326,0,0.2239891078485564
SID_04397,0,0.21805803013550346
SID_07462,1,0.9257138128271498
SID_05078,1,0.2239891078485564
SID_05588,1,0.21805803013550346
SID_02768,0,0.2239891078485564
SID_01909,0,0.21805803013550346
SID_06158,0,0.2239891078485564
SID_01219,1,0.9257138128271498
SID_05050,1,0.21805803013550346
SID_03337,1,0.9257138128271498
SID_01373,0,0.2239891078485564
SID_00190,1,0.9257138128271498
SID_05530,0,0.2239891078485564
SID_01881,0,0.2239891078485564
SID_03774,0,0.21805803013550346
SID_04802,0,0.2239891078485564
SID_07825,0,0.2239891078485564
SID_04048,0,0.21805803013550346
SID_07092,1,0.2239891078485564
SID_07312,1,0.21805803013550346
SID_06288,0,0.2239891078485564
SID_05412,0,0.21805803013550346
SID_05310,0,0.21805803013550346
SID_04378,0,0.2239891078485564
SID_00834,0,0.21805803013550346
SID_08609,0,0.21805803013550346
SID_03000,0,0.2239891078485564
SID_07728,1,0.21805803013550346
SID_01103,0,0.21805803013550346
SID_01814,0,0.2239891078485564
SID_07782,0,0.2239891078485564
SID_01513,0,0.2239891078485564
SID_08708,1,0.21805803013550346
SID_03202,1,0.9257138128271498
SID_06352,0,0.2239891078485564
SID_05161,1,0.9257138128271498
SID_02129,0,0.21805803013550346
SID_08102,0,0.2239891078485564
SID_03227,0,0.21805803013550346
SID_08299,1,0.917820561927591
SID_08539,1,0.21805803013550346
SID_08173,0,0.2239891078485564
SID_04680,0,0.21805803013550346
SID_04952,0,0.2239891078485564
SID_07711,0,0.2239891078485564
SID_02354,0,0.2239891078485564
SID_00607,0,0.2239891078485564
SID_05810,0,0.2239891078485564
SID_08593,1,0.2239891078485564
SID_05942,0,0.21805803013550346
SID_00167,0,0.2239891078485564
SID_00639,1,0.9257138128271498
SID_00484,1,0.917820561927591
SID_08025,1,0.21805803013550346
SID_02986,1,0.2239891078485564
SID_07139,0,0.2239891078485564
SID_00698,1,0.9257138128271498
SID_00913,1,0.21805803013550346
SID_00385,0,0.2239891078485564
SID_05227,1,0.9257138128271498
SID_01184,1,0.9257138128271498
SID_05338,1,0.9257138128271498
SID_01081,0,0.21805803013550346
SID_02715,0,0.2239891078485564
SID_05830,1,0.2239891078485564
SID_00952,1,0.9257138128271498
SID_07386,0,0.21805803013550346
SID_02604,1,0.2239891078485564
SID_01596,1,0.21805803013550346
SID_03644,0,0.2239891078485564
SID_01679,0,0.21805803013550346
SID_01423,1,0.9257138128271498
SID_01548,1,0.2239891078485564
SID_03370,1,0.2239891078485564
SID_00598,1,0.21805803013550346
SID_05996,0,0.21805803013550346
SID_01424,1,0.21805803013550346
SID_08704,0,0.2239891078485564
SID_07161,1,0.9257138128271498
SID_08670,0,0.2239891078485564
SID_08584,1,0.2239891078485564
SID_03689,0,0.2239891078485564
SID_00304,1,0.9257138128271498
SID_00846,0,0.2239891078485564
SID_01843,1,0.9257138128271498
SID_02758,1,0.917820561927591
SID_06326,1,0.9257138128271498
SID_00519,1,0.917820561927591
SID_01498,1,0.917820561927591
SID_01971,0,0.2239891078485564
SID_02195,1,0.9257138128271498
SID_04714,0,0.2239891078485564
SID_02807,1,0.2239891078485564
SID_04536,0,0.2239891078485564
SID_04560,0,0.2239891078485564
SID_04697,0,0.21805803013550346
SID_01538,0,0.2239891078485564
SID_01477,0,0.21805803013550346
SID_05592,1,0.9257138128271498
SID_01864,0,0.21805803013550346
SID_02157,0,0.21805803013550346
SID_08650,1,0.9257138128271498
SID_04244,0,0.21805803013550346
SID_07561,0,0.21805803013550346
SID_00597,1,0.9257138128271498
SID_07045,0,0.2239891078485564
SID_00406,0,0.2239891078485564
SID_06103,0,0.21805803013550346
SID_01799,1,0.9257138128271498
SID_03602,0,0.21805803013550346
SID_08601,1,0.9257138128271498
SID_08398,1,0.9257138128271498
SID_05425,0,0.2239891078485564
SID_01325,0,0.2239891078485564
SID_04821,0,0.21805803013550346
SID_06074,0,0.2239891078485564
SID_07969,1,0.2239891078485564
SID_04880,0,0.21805803013550346
SID_03184,1,0.2239891078485564
SID_03747,1,0.9257138128271498
SID_07661,1,0.9257138128271498
SID_07063,1,0.9257138128271498
SID_01070,0,0.2239891078485564
SID_04172,1,0.917820561927591
SID_08552,0,0.21805803013550346
SID_04624,0,0.2239891078485564
SID_01188,1,0.917820561927591
SID_08453,1,0.917820561927591
SID_04949,0,0.2239891078485564
SID_03468,1,0.9257138128271498
SID_04837,1,0.2239891078485564
SID_08568,0,0.21805803013550346
SID_05628,0,0.21805803013550346
SID_04163,1,0.9257138128271498
SID_01230,0,0.21805803013550346
SID_06131,0,0.21805803013550346
SID_01658,0,0.21805803013550346
SID_08082,0,0.2239891078485564
SID_05026,0,0.2239891078485564
SID_01469,1,0.9257138128271498
SID_07642,0,0.21805803013550346
SID_06769,0,0.2239891078485564
SID_06669,0,0.2239891078485564
SID_03913,0,0.2239891078485564
SID_06282,0,0.2239891078485564
SID_01179,0,0.21805803013550346
SID_04129,0,0.21805803013550346
SID_06499,1,0.9257138128271498
SID_05977,1,0.9257138128271498
SID_05090,1,0.2239891078485564
SID_07114,0,0.21805803013550346
SID_05750,1,0.2239891078485564
SID_08259,1,0.2239891078485564
SID_07126,0,0.21805803013550346
SID_00805,0,0.21805803013550346
SID_06251,1,0.21805803013550346
SID_08458,0,0.21805803013550346
SID_05370,1,0.9257138128271498
SID_05544,0,0.21805803013550346
SID_06467,1,0.9257138128271498
SID_00309,1,0.2239891078485564
SID_02606,1,0.9257138128271498
SID_07889,0,0.2239891078485564
SID_00250,1,0.21805803013550346
SID_03866,0,0.21805803013550346
SID_05633,0,0.2239891078485564
SID_00943,0,0.2239891078485564
SID_03555,1,0.21805803013550346
SID_04170,0,0.2239891078485564
SID_06129,0,0.2239891078485564
SID_01236,0,0.2239891078485564
SID_06688,1,0.2239891078485564
SID_01884,1,0.2239891078485564
SID_00176,1,0.9257138128271498
SID_00258,1,0.2239891078485564
SID_06771,0,0.21805803013550346
SID_08671,0,0.2239891078485564
SID_01377,0,0.2239891078485564
SID_07228,0,0.21805803013550346
SID_07222,1,0.9257138128271498
SID_01172,0,0.2239891078485564
SID_02206,0,0.2239891078485564
SID_05587,0,0.2239891078485564
SID_02029,1,0.9257138128271498
SID_01260,0,0.21805803013550346
SID_00505,0,0.2239891078485564
SID_08741,1,0.9257138128271498
SID_00426,0,0.2239891078485564
SID_06603,0,0.21805803013550346
SID_02351,0,0.21805803013550346
SID_03025,0,0.21805803013550346
SID_07975,0,0.2239891078485564
SID_03495,0,0.2239891078485564
SID_07423,0,0.2239891078485564
SID_05316,1,0.9257138128271498
SID_06698,0,0.21805803013550346
SID_06551,1,0.9257138128271498
SID_02310,0,0.2239891078485564
SID_08492,0,0.2239891078485564
SID_07669,0,0.2239891078485564
SID_05605,0,0.21805803013550346
SID_00964,0,0.2239891078485564
SID_02128,0,0.2239891078485564
SID_04646,0,0.2239891078485564
SID_04022,0,0.21805803013550346
SID_03484,0,0.2239891078485564
SID_07295,0,0.21805803013550346
SID_07151,0,0.2239891078485564
SID_06171,1,0.2239891078485564
SID_01233,0,0.2239891078485564
SID_03165,0,0.2239891078485564
SID_03522,0,0.2239891078485564
SID_04007,0,0.2239891078485564
SID_08113,0,0.2239891078485564
SID_03069,1,0.2239891078485564
SID_03539,0,0.2239891078485564
SID_05975,0,0.21805803013550346
SID_07354,0,0.21805803013550346
SID_00133,1,0.9257138128271498
SID_07030,0,0.21805803013550346
SID_08306,1,0.9257138128271498
SID_04805,1,0.9257138128271498
SID_00788,0,0.21805803013550346
SID_00642,0,0.2239891078485564
SID_04610,0,0.21805803013550346
SID_00778,1,0.9257138128271498
SID_03942,0,0.21805803013550346
SID_01283,0,0.2239891078485564
SID_08598,1,0.917820561927591
SID_06120,0,0.21805803013550346
SID_01311,0,0.2239891078485564
SID_02060,0,0.21805803013550346
SID_04850,0,0.21805803013550346
SID_04295,0,0.2239891078485564
SID_08560,0,0.21805803013550346
SID_03811,1,0.917820561927591
SID_02923,0,0.2239891078485564
SID_08267,0,0.21805803013550346
SID_05497,0,0.2239891078485564
SID_05276,1,0.9257138128271498
SID_07415,0,0.2239891078485564
SID_02382,1,0.2239891078485564
SID_06704,0,0.2239891078485564
SID_03467,1,0.9257138128271498
SID_07469,0,0.2239891078485564
SID_05624,1,0.9257138128271498
SID_05631,0,0.21805803013550346
SID_03953,1,0.9257138128271498
SID_01011,0,0.21805803013550346
SID_06353,1,0.9257138128271498
SID_01630,0,0.21805803013550346
SID_01686,1,0.917820561927591
SID_02561,1,0.9257138128271498
SID_06224,1,0.21805803013550346
SID_07420,0,0.2239891078485564
SID_08245,1,0.9257138128271498
SID_01505,0,0.21805803013550346
SID_02514,0,0.2239891078485564
SID_02547,0,0.21805803013550346
SID_01724,0,0.21805803013550346
SID_00556,1,0.9257138128271498
SID_02563,1,0.9257138128271498
SID_04539,0,0.2239891078485564
SID_05379,1,0.9257138128271498
SID_05987,0,0.2239891078485564
SID_03925,0,0.21805803013550346
SID_05218,0,0.2239891078485564
SID_01392,0,0.21805803013550346
SID_05097,1,0.9257138128271498
SID_01806,1,0.9257138128271498
SID_04781,0,0.21805803013550346
SID_00060,0,0.2239891078485564
SID_02439,1,0.21805803013550346
SID_01726,1,0.9257138128271498
SID_08107,0,0.2239891078485564
SID_06197,1,0.9257138128271498
SID_04739,1,0.917820561927591
SID_04908,0,0.21805803013550346
SID_01528,0,0.2239891078485564
SID_03304,0,0.21805803013550346
SID_00830,0,0.21805803013550346
SID_03798,0,0.2239891078485564
SID_01628,1,0.917820561927591
SID_04828,1,0.9257138128271498
SID_06865,0,0.21805803013550346
SID_08686,0,0.2239891078485564
SID_02619,1,0.2239891078485564
SID_04555,1,0.2239891078485564
SID_02432,1,0.21805803013550346
SID_03797,0,0.2239891078485564
SID_05251,0,0.21805803013550346
SID_03501,1,0.9257138128271498
SID_08693,1,0.9257138128271498
SID_01556,1,0.9257138128271498
SID_07981,1,0.9257138128271498
SID_06204,0,0.21805803013550346
SID_01278,1,0.9257138128271498
SID_08688,1,0.9257138128271498
SID_06057,0,0.2239891078485564
SID_00887,0,0.2239891078485564
SID_00633,0,0.2239891078485564
SID_06920,1,0.21805803013550346
SID_05645,1,0.9257138128271498
SID_01851,0,0.21805803013550346
SID_02375,1,0.21805803013550346
SID_04964,0,0.2239891078485564
SID_00469,1,0.9257138128271498
SID_01551,0,0.21805803013550346
SID_03141,1,0.9257138128271498
SID_08138,0,0.2239891078485564
SID_03058,1,0.21805803013550346
SID_06187,1,0.2239891078485564
SID_05169,1,0.9257138128271498
SID_05921,1,0.2239891078485564
SID_05515,1,0.9257138128271498
SID_01218,0,0.2239891078485564
SID_02039,1,0.9257138128271498
SID_03600,1,0.9257138128271498
SID_07164,0,0.2239891078485564
SID_03827,1,0.9257138128271498
SID_00497,0,0.21805803013550346
SID_04710,1,0.2239891078485564
SID_01998,1,0.21805803013550346
SID_00681,0,0.21805803013550346
SID_04330,0,0.2239891078485564
SID_02751,0,0.2239891078485564
SID_06670,0,0.2239891078485564
SID_01475,0,0.2239891078485564
SID_00224,0,0.21805803013550346
SID_07547,1,0.9257138128271498
SID_07398,1,0.21805803013550346
SID_06466,1,0.917820561927591
SID_07461,1,0.9257138128271498
SID_05270,1,0.9257138128271498
SID_02367,0,0.2239891078485564
SID_04977,1,0.9257138128271498
SID_06766,0,0.21805803013550346
SID_05306,1,0.9257138128271498
SID_01866,0,0.2239891078485564
SID_06132,0,0.2239891078485564
SID_03225,0,0.21805803013550346
SID_00035,1,0.9257138128271498
SID_02827,1,0.9257138128271498
SID_02017,0,0.2239891078485564
SID_07941,0,0.2239891078485564
SID_05635,0,0.2239891078485564
SID_04616,0,0.21805803013550346
SID_05346,1,0.9257138128271498
SID_04921,0,0.2239891078485564
SID_00498,1,0.21805803013550346
SID_01095,0,0.21805803013550346
SID_03940,1,0.9257138128271498
SID_04815,1,0.9257138128271498
SID_00301,0,0.21805803013550346
SID_04867,0,0.2239891078485564
SID_01034,0,0.21805803013550346
SID_06496,1,0.2239891078485564
SID_05536,0,0.21805803013550346
SID_08195,0,0.2239891078485564
SID_02881,1,0.21805803013550346
SID_00420,0,0.21805803013550346
SID_05376,1,0.9257138128271498
SID_05392,0,0.2239891078485564
SID_08199,1,0.917820561927591
SID_05318,0,0.2239891078485564
SID_00380,0,0.2239891078485564
SID_01116,1,0.21805803013550346
SID_06746,1,0.917820561927591
SID_02083,1,0.9257138128271498
SID_05473,1,0.21805803013550346
SID_07937,1,0.9257138128271498
SID_02638,0,0.21805803013550346
SID_08009,0,0.21805803013550346
SID_08423,1,0.917820561927591
SID_03914,0,0.2239891078485564
SID_01580,0,0.2239891078485564
SID_08284,1,0.21805803013550346
SID_00783,1,0.9257138128271498
SID_06936,0,0.2239891078485564
SID_00136,1,0.2239891078485564
SID_07335,1,0.9257138128271498
SID_03267,1,0.2239891078485564
SID_02897,1,0.9257138128271498
SID_01622,0,0.2239891078485564
SID_00109,0,0.2239891078485564
SID_06962,0,0.2239891078485564
SID_05569,0,0.2239891078485564
SID_00589,0,0.21805803013550346
SID_04889,1,0.2239891078485564
SID_06355,0,0.2239891078485564
SID_06988,1,0.9257138128271498
SID_05915,0,0.21805803013550346
SID_07451,1,0.21805803013550346
SID_05876,0,0.21805803013550346
SID_00121,0,0.21805803013550346
SID_03996,0,0.21805803013550346
SID_00294,1,0.9257138128271498
SID_07653,1,0.2239891078485564
SID_05229,0,0.2239891078485564
SID_06121,1,0.2239891078485564
SID_05110,0,0.21805803013550346
SID_00055,0,0.2239891078485564
SID_04050,0,0.2239891078485564
SID_05332,1,0.9257138128271498
SID_00544,1,0.9257138128271498
SID_06252,1,0.9257138128271498
SID_03565,0,0.21805803013550346
SID_02394,1,0.9257138128271498
SID_05705,0,0.21805803013550346
SID_04544,0,0.21805803013550346
SID_01876,1,0.9257138128271498
SID_00217,1,0.2239891078485564
SID_07440,0,0.2239891078485564
SID_03394,1,0.9257138128271498
SID_02503,1,0.9257138128271498
SID_05471,1,0.9257138128271498
SID_04064,1,0.9257138128271498
SID_01767,0,0.21805803013550346
SID_07862,0,0.21805803013550346
SID_04626,0,0.2239891078485564
SID_05864,1,0.9257138128271498
SID_03208,1,0.2239891078485564
SID_03266,0,0.2239891078485564
SID_01957,1,0.9257138128271498
SID_05968,0,0.2239891078485564
SID_03680,1,0.9257138128271498
SID_01941,0,0.2239891078485564
SID_03366,1,0.21805803013550346
SID_03992,0,0.2239891078485564
SID_02613,1,0.9257138128271498
SID_05182,0,0.21805803013550346
SID_05836,0,0.2239891078485564
SID_08142,0,0.21805803013550346
SID_01439,1,0.21805803013550346
SID_00799,0,0.21805803013550346
SID_08462,1,0.9257138128271498
SID_03302,1,0.9257138128271498
SID_00508,1,0.9257138128271498
SID_07600,0,0.2239891078485564
SID_08105,1,0.9257138128271498
SID_03174,0,0.2239891078485564
SID_05076,1,0.9257138128271498
SID_08394,1,0.9257138128271498
SID_07071,0,0.21805803013550346
SID_04118,0,0.2239891078485564
SID_00074,1,0.9257138128271498
SID_00316,0,0.21805803013550346
SID_04500,0,0.2239891078485564
SID_02198,1,0.2239891078485564
SID_04045,0,0.21805803013550346
SID_08658,1,0.9257138128271498
SID_04599,1,0.2239891078485564
SID_06772,0,0.21805803013550346
SID_01746,0,0.2239891078485564
SID_01783,1,0.2239891078485564
SID_02476,1,0.2239891078485564
SID_02471,0,0.21805803013550346
SID_04360,0,0.21805803013550346
SID_00465,0,0.21805803013550346
SID_06202,0,0.2239891078485564
SID_03607,1,0.9257138128271498
SID_08065,0,0.21805803013550346
SID_02687,0,0.2239891078485564
SID_03480,0,0.21805803013550346
SID_02262,0,0.21805803013550346
SID_04454,1,0.9257138128271498
SID_01488,1,0.9257138128271498
SID_02817,1,0.9257138128271498
SID_03556,1,0.917820561927591
SID_01984,0,0.21805803013550346
SID_03186,0,0.2239891078485564
SID_03873,0,0.21805803013550346
SID_08047,0,0.2239891078485564
SID_05896,0,0.21805803013550346
SID_06638,0,0.21805803013550346
SID_04435,0,0.21805803013550346
SID_06030,0,0.21805803013550346
SID_07123,0,0.2239891078485564
SID_01421,0,0.21805803013550346
SID_01733,0,0.2239891078485564
SID_01697,0,0.21805803013550346
SID_00864,0,0.2239891078485564
SID_02076,1,0.2239891078485564
SID_08662,0,0.21805803013550346
SID_02761,0,0.2239891078485564
SID_07357,0,0.2239891078485564
SID_04545,0,0.21805803013550346
SID_02990,0,0.21805803013550346
SID_01415,1,0.9257138128271498
SID_03533,0,0.2239891078485564
SID_07794,0,0.21805803013550346
SID_05271,0,0.21805803013550346
SID_03476,0,0.2239891078485564
SID_01827,1,0.9257138128271498
SID_06464,0,0.2239891078485564
SID_01255,1,0.2239891078485564
SID_07751,0,0.21805803013550346
SID_07573,1,0.21805803013550346
SID_06216,1,0.9257138128271498
SID_00383,1,0.917820561927591
SID_03868,0,0.2239891078485564
SID_05274,0,0.21805803013550346
SID_02870,0,0.21805803013550346
SID_06871,1,0.9257138128271498
SID_01719,0,0.21805803013550346
SID_01091,1,0.9257138128271498
SID_00042,0,0.2239891078485564
SID_03493,0,0.2239891078485564
SID_03587,0,0.21805803013550346
SID_03593,0,0.21805803013550346
SID_03235,1,0.9257138128271498
SID_04878,0,0.2239891078485564
SID_01807,0,0.2239891078485564
SID_08202,0,0.2239891078485564
SID_06915,1,0.9257138128271498
SID_04755,0,0.21805803013550346
SID_00411,1,0.9257138128271498
SID_03987,0,0.21805803013550346
SID_00956,1,0.9257138128271498
SID_05089,1,0.21805803013550346
SID_05194,0,0.21805803013550346
SID_07096,1,0.2239891078485564
SID_01185,0,0.21805803013550346
SID_02270,1,0.2239891078485564
SID_05703,0,0.21805803013550346
SID_03822,1,0.9257138128271498
SID_05958,0,0.2239891078485564
SID_02056,0,0.21805803013550346
SID_00745,0,0.2239891078485564
SID_05179,0,0.21805803013550346
SID_03042,1,0.9257138128271498
SID_05797,0,0.2239891078485564
SID_02939,0,0.2239891078485564
SID_07529,1,0.9257138128271498
SID_04389,0,0.2239891078485564
SID_02112,1,0.2239891078485564
SID_05712,0,0.21805803013550346
SID_06895,1,0.9257138128271498
SID_01459,0,0.21805803013550346
SID_02557,0,0.2239891078485564
SID_03434,1,0.9257138128271498
SID_06599,0,0.21805803013550346
SID_01408,1,0.9257138128271498
SID_07851,1,0.2239891078485564
SID_01058,1,0.9257138128271498
SID_04012,1,0.9257138128271498
SID_03453,1,0.9257138128271498
SID_02933,0,0.2239891078485564
SID_01722,0,0.2239891078485564
SID_06847,0,0.2239891078485564
SID_07772,1,0.9257138128271498
SID_07192,0,0.2239891078485564
SID_08316,0,0.2239891078485564
SID_00666,1,0.9257138128271498
SID_03535,0,0.21805803013550346
SID_03122,0,0.2239891078485564
SID_01557,0,0.2239891078485564
SID_04004,0,0.21805803013550346
SID_00039,1,0.9257138128271498
SID_00227,1,0.9257138128271498
SID_05440,1,0.9257138128271498
SID_01873,0,0.21805803013550346
SID_03482,0,0.2239891078485564
SID_05362,0,0.2239891078485564
SID_05113,1,0.9257138128271498
SID_04641,0,0.2239891078485564
SID_07531,1,0.9257138128271498
SID_07993,1,0.9257138128271498
SID_01461,0,0.2239891078485564
SID_05222,1,0.2239891078485564
SID_07911,0,0.2239891078485564
SID_00739,0,0.2239891078485564
SID_06937,1,0.2239891078485564
SID_02713,0,0.2239891078485564
SID_04126,1,0.9257138128271498
SID_02006,1,0.2239891078485564
SID_06047,0,0.2239891078485564
SID_04431,1,0.9257138128271498
SID_03900,1,0.9257138128271498
SID_04192,1,0.2239891078485564
SID_03205,0,0.2239891078485564
SID_05476,0,0.2239891078485564
SID_07039,1,0.9257138128271498
SID_07341,0,0.2239891078485564
SID_03406,0,0.21805803013550346
SID_02234,0,0.2239891078485564
SID_08449,0,0.21805803013550346
SID_08532,1,0.21805803013550346
SID_00188,0,0.2239891078485564
SID_03786,0,0.21805803013550346
SID_02708,1,0.9257138128271498
SID_04146,1,0.9257138128271498
SID_05361,0,0.2239891078485564
SID_02650,0,0.21805803013550346
SID_07400,1,0.9257138128271498
SID_03648,0,0.2239891078485564
SID_08790,1,0.9257138128271498
SID_01438,0,0.21805803013550346
SID_03749,0,0.21805803013550346
SID_04705,0,0.21805803013550346
SID_01756,1,0.917820561927591
SID_03788,0,0.21805803013550346
SID_03106,0,0.2239891078485564
SID_08626,0,0.21805803013550346
SID_07740,0,0.21805803013550346
SID_07908,0,0.2239891078485564
SID_04290,0,0.21805803013550346
SID_02556,1,0.9257138128271498
SID_05698,1,0.9257138128271498
SID_07566,1,0.9257138128271498
SID_06149,0,0.21805803013550346
SID_08460,0,0.2239891078485564
SID_02145,0,0.21805803013550346
SID_07931,0,0.21805803013550346
SID_02562,0,0.2239891078485564
SID_05795,0,0.21805803013550346
SID_00829,0,0.2239891078485564
SID_02925,0,0.2239891078485564
SID_06127,1,0.21805803013550346
SID_04593,0,0.2239891078485564
SID_04518,0,0.21805803013550346
SID_03688,0,0.21805803013550346
SID_08392,0,0.2239891078485564
SID_07810,0,0.21805803013550346
SID_01861,1,0.2239891078485564
SID_06694,1,0.9257138128271498
SID_02532,1,0.2239891078485564
SID_04586,1,0.9257138128271498
SID_07612,0,0.21805803013550346
SID_04267,1,0.9257138128271498
SID_06162,1,0.2239891078485564
SID_07147,0,0.21805803013550346
SID_03076,0,0.2239891078485564
SID_00702,1,0.2239891078485564
SID_00856,1,0.9257138128271498
SID_04520,0,0.2239891078485564
SID_02620,1,0.9257138128271498
SID_00236,0,0.21805803013550346
SID_03949,0,0.21805803013550346
SID_03412,0,0.2239891078485564
SID_00596,1,0.9257138128271498
SID_00248,0,0.21805803013550346
SID_08346,1,0.9257138128271498
SID_04333,1,0.2239891078485564
SID_02057,0,0.21805803013550346
SID_08365,1,0.21805803013550346
SID_01163,0,0.21805803013550346
SID_03099,0,0.2239891078485564
SID_05235,0,0.2239891078485564
SID_07938,1,0.21805803013550346
SID_05917,1,0.2239891078485564
SID_04818,1,0.9257138128271498
SID_04201,0,0.2239891078485564
SID_03463,1,0.9257138128271498
SID_03387,0,0.2239891078485564
SID_04899,0,0.21805803013550346
SID_08565,0,0.21805803013550346
SID_03228,0,0.2239891078485564
SID_07839,1,0.9257138128271498
SID_04699,1,0.917820561927591
SID_00884,0,0.21805803013550346
SID_08421,0,0.21805803013550346
SID_03795,0,0.2239891078485564
SID_02075,0,0.21805803013550346
SID_00330,1,0.9257138128271498
SID_06275,0,0.21805803013550346
SID_02414,0,0.21805803013550346
SID_01004,1,0.917820561927591
SID_08503,0,0.2239891078485564
SID_00374,0,0.2239891078485564
SID_06546,1,0.9257138128271498
SID_02754,1,0.9257138128271498
SID_05326,1,0.9257138128271498
SID_08322,1,0.21805803013550346
SID_00560,0,0.2239891078485564
SID_02661,1,0.9257138128271498
SID_01552,0,0.2239891078485564
SID_05423,1,0.2239891078485564
SID_07649,1,0.917820561927591
SID_02527,1,0.9257138128271498
SID_02702,0,0.2239891078485564
SID_05460,0,0.21805803013550346
SID_08356,1,0.9257138128271498
SID_06193,0,0.2239891078485564
SID_05049,1,0.9257138128271498
SID_05856,0,0.21805803013550346
SID_04884,0,0.21805803013550346
SID_06798,1,0.9257138128271498
SID_08477,1,0.9257138128271498
SID_04356,0,0.21805803013550346
SID_07674,1,0.9257138128271498
SID_01476,1,0.9257138128271498
SID_07458,0,0.21805803013550346
SID_02347,0,0.21805803013550346
SID_07532,1,0.2239891078485564
SID_06924,0,0.21805803013550346
SID_06228,1,0.9257138128271498
SID_03090,1,0.21805803013550346
SID_05201,0,0.2239891078485564
SID_07232,0,0.21805803013550346
SID_01904,0,0.2239891078485564
SID_08627,0,0.2239891078485564
SID_05912,0,0.2239891078485564
SID_08098,1,0.9257138128271498
SID_08463,0,0.2239891078485564
SID_01317,0,0.2239891078485564
SID_08746,0,0.21805803013550346
SID_04635,1,0.9257138128271498
SID_01306,1,0.2239891078485564
SID_05793,1,0.917820561927591
SID_05133,1,0.9257138128271498
SID_00966,1,0.917820561927591
SID_01671,0,0.2239891078485564
SID_00344,0,0.2239891078485564
SID_06654,0,0.2239891078485564
SID_05991,0,0.21805803013550346
SID_04726,1,0.9257138128271498
SID_01125,0,0.2239891078485564
SID_06408,0,0.2239891078485564
SID_00625,0,0.21805803013550346
SID_06427,0,0.2239891078485564
SID_00213,0,0.2239891078485564
SID_07513,0,0.2239891078485564
SID_03506,0,0.21805803013550346
SID_03613,0,0.21805803013550346
SID_06854,1,0.9257138128271498
SID_07043,0,0.21805803013550346
SID_00857,0,0.21805803013550346
SID_02212,0,0.21805803013550346
SID_04758,1,0.2239891078485564
SID_08715,1,0.9257138128271498
SID_03693,1,0.9257138128271498
SID_03077,0,0.2239891078485564
SID_02651,0,0.21805803013550346
SID_07095,1,0.2239891078485564
SID_02169,1,0.9257138128271498
SID_08518,1,0.9257138128271498
SID_05922,0,0.21805803013550346
SID_00077,0,0.2239891078485564
SID_01911,1,0.9257138128271498
SID_07463,0,0.2239891078485564
SID_07920,0,0.21805803013550346
SID_03759,1,0.917820561927591
SID_06672,0,0.2239891078485564
SID_00733,0,0.2239891078485564
SID_03428,0,0.2239891078485564
SID_08314,1,0.2239891078485564
SID_07554,1,0.9257138128271498
SID_00647,1,0.2239891078485564
SID_02266,1,0.9257138128271498
SID_02235,0,0.21805803013550346
SID_07558,1,0.9257138128271498
SID_02705,1,0.2239891078485564
SID_01842,1,0.9257138128271498
SID_06013,0,0.21805803013550346
SID_04321,1,0.9257138128271498
SID_02271,0,0.21805803013550346
SID_03711,0,0.21805803013550346
SID_04874,0,0.21805803013550346
SID_02334,1,0.9257138128271498
SID_03411,0,0.21805803013550346
SID_00510,0,0.2239891078485564
SID_00414,1,0.21805803013550346
SID_03908,1,0.9257138128271498
SID_08012,0,0.21805803013550346
SID_03725,1,0.21805803013550346
SID_06714,1,0.21805803013550346
SID_05416,0,0.2239891078485564
SID_03085,0,0.2239891078485564
SID_01060,1,0.9257138128271498
SID_02541,1,0.917820561927591
SID_07522,1,0.2239891078485564
SID_01394,0,0.21805803013550346
SID_01133,1,0.917820561927591
SID_02472,0,0.2239891078485564
SID_08424,1,0.9257138128271498
SID_00024,1,0.9257138128271498
SID_03947,0,0.21805803013550346
SID_00193,1,0.9257138128271498
SID_05445,0,0.2239891078485564
SID_05385,1,0.9257138128271498
SID_06450,1,0.2239891078485564
SID_08512,0,0.21805803013550346
SID_07134,0,0.2239891078485564
SID_01859,1,0.917820561927591
SID_04310,0,0.2239891078485564
SID_06100,1,0.917820561927591
SID_08190,1,0.9257138128271498
SID_04943,1,0.9257138128271498
SID_01564,0,0.21805803013550346
SID_04922,1,0.9257138128271498
SID_03969,0,0.21805803013550346
SID_05692,0,0.21805803013550346
SID_01180,0,0.21805803013550346
SID_07543,1,0.9257138128271498
SID_04992,0,0.21805803013550346
SID_03617,1,0.917820561927591
SID_04571,1,0.9257138128271498
SID_02181,0,0.2239891078485564
SID_05350,0,0.21805803013550346
SID_06110,1,0.9257138128271498
SID_04313,0,0.21805803013550346
SID_00608,0,0.2239891078485564
SID_02315,0,0.2239891078485564
SID_00242,0,0.2239891078485564
SID_07483,1,0.2239891078485564
SID_03989,0,0.2239891078485564
SID_00791,1,0.21805803013550346
SID_00499,0,0.2239891078485564
SID_04083,1,0.9257138128271498
SID_02917,1,0.9257138128271498
SID_06246,0,0.2239891078485564
SID_07729,0,0.2239891078485564
SID_08430,0,0.21805803013550346
SID_01924,0,0.21805803013550346
SID_08413,0,0.2239891078485564
SID_04823,0,0.2239891078485564
SID_00676,0,0.21805803013550346
SID_02151,1,0.2239891078485564
SID_00730,1,0.21805803013550346
SID_04021,0,0.2239891078485564
SID_06598,0,0.2239891078485564
SID_06360,1,0.9257138128271498
SID_03128,0,0.21805803013550346
SID_00877,0,0.2239891078485564
SID_07316,1,0.21805803013550346
SID_06818,0,0.2239891078485564
SID_00159,1,0.2239891078485564
SID_01174,1,0.9257138128271498
SID_05329,0,0.2239891078485564
SID_07779,1,0.9257138128271498
SID_00397,0,0.2239891078485564
SID_08572,0,0.21805803013550346
SID_04888,0,0.2239891078485564
SID_05586,1,0.21805803013550346
SID_01237,1,0.9257138128271498
SID_05732,0,0.2239891078485564
SID_01702,0,0.21805803013550346
SID_05839,0,0.21805803013550346
SID_02740,0,0.21805803013550346
SID_07807,0,0.2239891078485564
SID_01121,1,0.9257138128271498
SID_01818,0,0.21805803013550346
SID_03175,0,0.2239891078485564
SID_04092,0,0.21805803013550346
SID_01234,1,0.9257138128271498
SID_04112,0,0.21805803013550346
SID_05749,0,0.2239891078485564
SID_05868,0,0.2239891078485564
SID_03081,1,0.9257138128271498
SID_05149,1,0.9257138128271498
SID_00883,1,0.9257138128271498
SID_04551,0,0.2239891078485564
SID_03316,0,0.2239891078485564
SID_01357,0,0.2239891078485564
SID_03007,0,0.21805803013550346
SID_08422,0,0.2239891078485564
SID_01038,0,0.2239891078485564
SID_00646,0,0.21805803013550346
SID_05822,1,0.21805803013550346
SID_02829,1,0.9257138128271498
SID_02775,0,0.2239891078485564
SID_06337,0,0.21805803013550346
SID_02328,0,0.21805803013550346
SID_00062,0,0.2239891078485564
SID_03750,0,0.2239891078485564
SID_01489,0,0.2239891078485564
SID_01207,0,0.21805803013550346
SID_08036,0,0.21805803013550346
SID_07681,1,0.917820561927591
SID_02360,0,0.21805803013550346
SID_04549,0,0.2239891078485564
SID_05741,1,0.917820561927591
SID_05727,0,0.2239891078485564
SID_03439,1,0.917820561927591
SID_07973,0,0.2239891078485564
SID_06431,0,0.21805803013550346
SID_07667,0,0.21805803013550346
SID_07368,0,0.21805803013550346
SID_08384,1,0.9257138128271498
SID_06342,0,0.21805803013550346
SID_07075,1,0.9257138128271498
SID_05813,0,0.21805803013550346
SID_08385,1,0.9257138128271498
SID_03967,0,0.21805803013550346
SID_00326,1,0.9257138128271498
SID_02935,0,0.21805803013550346
SID_01888,1,0.9257138128271498
SID_02174,1,0.9257138128271498
SID_06981,1,0.21805803013550346
SID_02322,0,0.2239891078485564
SID_00325,1,0.9257138128271498
SID_07119,0,0.21805803013550346
SID_00453,0,0.2239891078485564
SID_03230,0,0.21805803013550346
SID_06784,0,0.21805803013550346
SID_03389,0,0.2239891078485564
SID_02481,0,0.21805803013550346
SID_03282,1,0.9257138128271498
SID_01028,1,0.2239891078485564
SID_06948,0,0.2239891078485564
SID_03743,1,0.9257138128271498
SID_06964,1,0.21805803013550346
SID_06436,0,0.2239891078485564
SID_07798,0,0.21805803013550346
SID_02653,1,0.9257138128271498
SID_01825,0,0.21805803013550346
SID_05349,1,0.9257138128271498
SID_03573,1,0.2239891078485564
SID_02738,0,0.2239891078485564
SID_03027,1,0.21805803013550346
SID_07548,0,0.2239891078485564
SID_06395,0,0.2239891078485564
SID_06979,0,0.2239891078485564
SID_04877,0,0.21805803013550346
SID_03768,0,0.2239891078485564
SID_00341,0,0.21805803013550346
SID_00892,1,0.21805803013550346
SID_08071,0,0.21805803013550346
SID_08169,0,0.21805803013550346
SID_01960,1,0.2239891078485564
SID_03413,0,0.21805803013550346
SID_03684,1,0.9257138128271498
SID_03891,1,0.917820561927591
SID_03770,0,0.2239891078485564
SID_04188,1,0.9257138128271498
SID_04986,0,0.2239891078485564
SID_07572,0,0.2239891078485564
SID_03729,1,0.9257138128271498
SID_03430,0,0.21805803013550346
SID_05849,1,0.9257138128271498
SID_07080,1,0.9257138128271498
SID_06593,1,0.9257138128271498
SID_00070,0,0.2239891078485564
SID_07497,1,0.9257138128271498
SID_04706,1,0.9257138128271498
SID_04282,0,0.21805803013550346
SID_08183,0,0.21805803013550346
SID_08339,0,0.21805803013550346
SID_02662,0,0.2239891078485564
SID_07583,0,0.21805803013550346
SID_00228,1,0.9257138128271498
SID_08617,0,0.21805803013550346
SID_02430,1,0.9257138128271498
SID_05191,0,0.2239891078485564
SID_05234,1,0.9257138128271498
SID_06966,1,0.2239891078485564
SID_04087,1,0.9257138128271498
SID_02400,0,0.21805803013550346
SID_05689,0,0.21805803013550346
SID_07634,0,0.2239891078485564
SID_08044,1,0.9257138128271498
SID_03263,0,0.2239891078485564
SID_04132,0,0.2239891078485564
SID_01482,0,0.2239891078485564
SID_00798,0,0.21805803013550346
SID_04535,0,0.2239891078485564
SID_02808,0,0.21805803013550346
SID_00184,1,0.9257138128271498
SID_02920,0,0.2239891078485564
SID_07556,1,0.9257138128271498
SID_04138,0,0.2239891078485564
SID_00786,0,0.21805803013550346
SID_05596,0,0.2239891078485564
SID_07424,1,0.2239891078485564
SID_05659,0,0.21805803013550346
SID_05135,0,0.2239891078485564
SID_02588,0,0.21805803013550346
SID_00470,1,0.9257138128271498
SID_05988,1,0.9257138128271498
SID_07506,0,0.21805803013550346
SID_01100,0,0.2239891078485564
SID_02858,1,0.9257138128271498
SID_03968,1,0.2239891078485564
SID_04216,0,0.2239891078485564
SID_08562,1,0.917820561927591
SID_00634,1,0.2239891078485564
SID_04093,1,0.917820561927591
SID_08243,0,0.2239891078485564
SID_04576,1,0.9257138128271498
SID_04128,0,0.2239891078485564
SID_00736,1,0.917820561927591
SID_00684,0,0.2239891078485564
SID_03062,0,0.2239891078485564
SID_03391,1,0.2239891078485564
SID_07283,1,0.917820561927591
SID_04457,1,0.21805803013550346
SID_01315,0,0.21805803013550346
SID_06133,0,0.2239891078485564
SID_02908,0,0.21805803013550346
SID_04040,0,0.2239891078485564
SID_08553,0,0.2239891078485564
SID_02890,0,0.2239891078485564
SID_07619,0,0.2239891078485564
SID_07884,0,0.21805803013550346
SID_06445,1,0.9257138128271498
SID_02299,0,0.21805803013550346
SID_00425,0,0.2239891078485564
SID_01578,0,0.2239891078485564
SID_06276,0,0.21805803013550346
SID_00157,0,0.21805803013550346
SID_06473,0,0.2239891078485564
SID_00487,1,0.21805803013550346
SID_01448,1,0.9257138128271498
SID_06153,1,0.9257138128271498
SID_00827,1,0.9257138128271498
SID_07454,0,0.2239891078485564
SID_07813,0,0.2239891078485564
SID_08099,1,0.21805803013550346
SID_06747,0,0.2239891078485564
SID_06277,1,0.9257138128271498
SID_07592,1,0.9257138128271498
SID_03651,0,0.2239891078485564
SID_06639,0,0.2239891078485564
SID_01862,1,0.9257138128271498
SID_02279,1,0.9257138128271498
SID_00434,0,0.21805803013550346
SID_06581,0,0.2239891078485564
SID_03985,1,0.9257138128271498
SID_00755,1,0.9257138128271498
SID_03139,0,0.21805803013550346
SID_06592,0,0.21805803013550346
SID_01493,0,0.21805803013550346
SID_04995,1,0.9257138128271498
SID_04601,1,0.9257138128271498
SID_01005,0,0.2239891078485564
SID_02242,1,0.917820561927591
SID_05226,1,0.2239891078485564
SID_04208,0,0.21805803013550346
SID_04229,0,0.2239891078485564
SID_00240,0,0.2239891078485564
SID_02146,1,0.21805803013550346
SID_07474,0,0.2239891078485564
SID_05886,0,0.2239891078485564
SID_01676,0,0.2239891078485564
SID_07061,0,0.2239891078485564
SID_06949,0,0.21805803013550346
SID_05971,1,0.9257138128271498
SID_01790,0,0.2239891078485564
SID_04381,0,0.21805803013550346
SID_05540,1,0.2239891078485564
SID_03916,0,0.21805803013550346
SID_02094,0,0.2239891078485564
SID_02957,0,0.21805803013550346
SID_05804,1,0.2239891078485564
SID_01731,1,0.9257138128271498
SID_03955,1,0.9257138128271498
SID_02114,1,0.917820561927591
SID_01870,0,0.2239891078485564
SID_08622,0,0.2239891078485564
SID_06372,0,0.2239891078485564
SID_08229,0,0.2239891078485564
SID_05949,0,0.21805803013550346
SID_08435,0,0.21805803013550346
SID_06358,1,0.917820561927591
SID_05595,1,0.9257138128271498
SID_08502,1,0.9257138128271498
SID_04853,1,0.9257138128271498
SID_04139,0,0.21805803013550346
SID_04445,1,0.2239891078485564
SID_05013,0,0.2239891078485564
SID_02200,0,0.2239891078485564
SID_08347,1,0.21805803013550346
SID_00674,1,0.9257138128271498
SID_03554,0,0.21805803013550346
SID_06435,1,0.9257138128271498
SID_05655,1,0.2239891078485564
SID_05079,0,0.2239891078485564
SID_04326,1,0.2239891078485564
SID_00311,0,0.2239891078485564
SID_00552,0,0.21805803013550346
SID_05405,1,0.9257138128271498
SID_07843,0,0.2239891078485564
SID_07441,0,0.2239891078485564
SID_04525,0,0.2239891078485564
SID_01046,0,0.2239891078485564
SID_00705,0,0.21805803013550346
SID_07982,1,0.9257138128271498
SID_06973,0,0.21805803013550346
SID_06912,1,0.21805803013550346
SID_00137,1,0.9257138128271498
SID_02996,0,0.21805803013550346
SID_02352,0,0.21805803013550346
SID_01465,1,0.9257138128271498
SID_03965,1,0.9257138128271498
SID_05195,0,0.21805803013550346
SID_06644,0,0.2239891078485564
SID_07351,0,0.2239891078485564
SID_05360,1,0.9257138128271498
SID_00509,0,0.21805803013550346
SID_04840,0,0.2239891078485564
SID_06689,1,0.9257138128271498
SID_03292,0,0.21805803013550346
SID_00651,0,0.21805803013550346
SID_03752,0,0.2239891078485564
SID_04782,1,0.9257138128271498
SID_00143,1,0.9257138128271498
SID_00529,1,0.9257138128271498
SID_02666,1,0.21805803013550346
SID_05407,1,0.9257138128271498
SID_00166,0,0.2239891078485564
SID_01673,1,0.2239891078485564
SID_08132,0,0.21805803013550346
SID_04392,0,0.21805803013550346
SID_02792,1,0.9257138128271498
SID_04886,0,0.2239891078485564
SID_03008,0,0.2239891078485564
SID_03198,0,0.21805803013550346
SID_02854,0,0.21805803013550346
SID_03595,0,0.21805803013550346
SID_07050,1,0.917820561927591
SID_00665,0,0.2239891078485564
SID_05459,0,0.21805803013550346
SID_07579,0,0.21805803013550346
SID_03429,0,0.2239891078485564
SID_00296,1,0.9257138128271498
SID_01893,0,0.21805803013550346
SID_00496,1,0.9257138128271498
SID_06069,1,0.2239891078485564
SID_04717,0,0.21805803013550346
SID_02867,0,0.2239891078485564
SID_05820,1,0.2239891078485564
SID_03325,0,0.2239891078485564
SID_03635,1,0.9257138128271498
SID_02718,0,0.2239891078485564
SID_02267,1,0.21805803013550346
SID_05928,0,0.2239891078485564
SID_00083,1,0.9257138128271498
SID_00007,1,0.9257138128271498
SID_08050,0,0.2239891078485564
SID_07217,1,0.9257138128271498
SID_07753,0,0.2239891078485564
SID_01715,0,0.2239891078485564
SID_01250,1,0.917820561927591
SID_03483,0,0.21805803013550346
SID_07375,1,0.917820561927591
SID_05562,1,0.2239891078485564
SID_08121,0,0.2239891078485564
SID_01973,1,0.9257138128271498
SID_04556,0,0.2239891078485564
SID_03310,1,0.9257138128271498
SID_04153,0,0.2239891078485564
SID_02483,1,0.9257138128271498
SID_03609,1,0.9257138128271498
SID_03594,0,0.2239891078485564
SID_08224,1,0.21805803013550346
SID_08787,0,0.2239891078485564
SID_02408,1,0.917820561927591
SID_01035,0,0.21805803013550346
SID_02440,0,0.21805803013550346
SID_01532,0,0.2239891078485564
SID_02866,0,0.21805803013550346
SID_07344,0,0.21805803013550346
SID_04584,0,0.21805803013550346
SID_06238,0,0.21805803013550346
SID_03207,1,0.2239891078485564
SID_05790,0,0.2239891078485564
SID_07090,1,0.9257138128271498
SID_00843,0,0.21805803013550346
SID_04895,0,0.21805803013550346
SID_05767,0,0.21805803013550346
SID_02889,1,0.9257138128271498
SID_06243,1,0.9257138128271498
SID_03124,1,0.21805803013550346
SID_04602,0,0.21805803013550346
SID_01478,0,0.2239891078485564
SID_05993,0,0.21805803013550346
SID_05829,0,0.2239891078485564
SID_07216,1,0.9257138128271498
SID_07176,1,0.9257138128271498
SID_04207,0,0.2239891078485564
SID_05369,1,0.2239891078485564
SID_06789,0,0.2239891078485564
SID_06070,0,0.2239891078485564
SID_04101,0,0.2239891078485564
SID_03456,0,0.2239891078485564
SID_05580,0,0.21805803013550346
SID_02175,0,0.21805803013550346
SID_07300,1,0.21805803013550346
SID_02746,0,0.21805803013550346
SID_00747,1,0.917820561927591
SID_05000,0,0.21805803013550346
SID_03756,1,0.9257138128271498
SID_01525,0,0.2239891078485564
SID_06538,1,0.9257138128271498
SID_08293,0,0.21805803013550346
SID_07989,0,0.2239891078485564
SID_06699,0,0.2239891078485564
SID_02395,0,0.2239891078485564
SID_00809,0,0.2239891078485564
SID_03726,0,0.21805803013550346
SID_01835,1,0.21805803013550346
SID_01840,1,0.9257138128271498
SID_00924,1,0.9257138128271498
SID_06968,1,0.9257138128271498
SID_00372,0,0.2239891078485564
SID_00286,0,0.21805803013550346
SID_02469,0,0.2239891078485564
SID_02512,0,0.2239891078485564
SID_07170,0,0.2239891078485564
SID_01581,1,0.21805803013550346
SID_04746,1,0.2239891078485564
SID_02749,1,0.9257138128271498
SID_03260,1,0.9257138128271498
SID_00803,1,0.9257138128271498
SID_01387,0,0.21805803013550346
SID_00921,0,0.2239891078485564
SID_04259,0,0.21805803013550346
SID_06977,0,0.21805803013550346
SID_01867,0,0.21805803013550346
SID_07437,0,0.21805803013550346
SID_01199,0,0.21805803013550346
SID_03885,1,0.9257138128271498
SID_07180,1,0.2239891078485564
SID_04604,0,0.2239891078485564
SID_07505,1,0.917820561927591
SID_00259,1,0.9257138128271498
SID_00281,1,0.9257138128271498
SID_01451,0,0.2239891078485564
SID_01613,1,0.9257138128271498
SID_04215,0,0.21805803013550346
SID_08656,0,0.2239891078485564
SID_03271,1,0.9257138128271498
SID_02757,1,0.2239891078485564
SID_00668,0,0.21805803013550346
SID_03886,0,0.21805803013550346
SID_01860,0,0.21805803013550346
SID_04638,0,0.2239891078485564
SID_05458,1,0.9257138128271498
SID_05847,0,0.21805803013550346
SID_00842,1,0.2239891078485564
SID_01181,0,0.2239891078485564
SID_03686,0,0.2239891078485564
SID_07352,0,0.2239891078485564
SID_02067,1,0.9257138128271498
SID_03836,0,0.2239891078485564
SID_01612,1,0.9257138128271498
SID_06976,0,0.2239891078485564
SID_02437,0,0.21805803013550346
SID_00080,0,0.21805803013550346
SID_02113,1,0.2239891078485564
SID_00695,1,0.21805803013550346
SID_07195,1,0.9257138128271498
SID_02576,1,0.9257138128271498
SID_08478,1,0.21805803013550346
SID_07978,1,0.9257138128271498
SID_01615,1,0.21805803013550346
SID_06330,1,0.9257138128271498
SID_08511,0,0.21805803013550346
SID_07692,0,0.2239891078485564
SID_00087,1,0.917820561927591
SID_08482,0,0.2239891078485564
SID_01183,0,0.21805803013550346
SID_07925,0,0.21805803013550346
SID_01285,1,0.2239891078485564
SID_07601,0,0.21805803013550346
SID_01454,0,0.21805803013550346
SID_07784,1,0.9257138128271498
SID_03136,0,0.2239891078485564
SID_06629,0,0.2239891078485564
SID_08615,1,0.9257138128271498
SID_01269,1,0.9257138128271498
SID_04708,0,0.2239891078485564
SID_06767,0,0.21805803013550346
SID_00045,1,0.2239891078485564
SID_00185,0,0.2239891078485564
SID_01281,0,0.2239891078485564
SID_05954,0,0.21805803013550346
SID_01138,1,0.9257138128271498
SID_08582,0,0.21805803013550346
SID_00086,0,0.21805803013550346
SID_03519,0,0.2239891078485564
SID_08106,0,0.2239891078485564
SID_08129,1,0.9257138128271498
SID_08645,0,0.2239891078485564
SID_05127,0,0.2239891078485564
SID_05289,1,0.2239891078485564
SID_07733,0,0.21805803013550346
SID_00000,1,0.917820561927591
SID_04097,0,0.21805803013550346
SID_03307,1,0.2239891078485564
SID_00378,0,0.2239891078485564
SID_06679,0,0.2239891078485564
SID_04251,1,0.2239891078485564
SID_07438,1,0.2239891078485564
SID_07746,1,0.2239891078485564
SID_03861,0,0.21805803013550346
SID_05065,0,0.2239891078485564
SID_01041,0,0.21805803013550346
SID_03627,1,0.21805803013550346
SID_07067,0,0.21805803013550346
SID_02914,0,0.21805803013550346
SID_03213,0,0.2239891078485564
SID_06474,0,0.2239891078485564
SID_01568,1,0.9257138128271498
SID_03372,0,0.2239891078485564
SID_06266,0,0.21805803013550346
SID_02494,1,0.2239891078485564
SID_06852,0,0.21805803013550346
SID_02165,1,0.917820561927591
SID_03068,0,0.2239891078485564
SID_02109,0,0.2239891078485564
SID_01119,0,0.21805803013550346
SID_06494,0,0.2239891078485564
SID_05644,1,0.9257138128271498
SID_05543,1,0.917820561927591
SID_03766,1,0.917820561927591
SID_05892,1,0.9257138128271498
SID_03829,0,0.21805803013550346
SID_08396,0,0.2239891078485564
SID_04015,0,0.2239891078485564
